method,seconds_total,seconds_per_1000,prompts_per_second
RoBERTa,19.869333,5.282992,189.28668
BERTweet,22.485602,5.978623,167.262586
Multilingual,10.883503,2.893779,345.568892
VADER,5.983898,1.591039,628.520124
