method,seconds_total,seconds_per_1000,prompts_per_second
RoBERTa,19.506114,5.186417,192.811342
BERTweet,22.359898,5.9452,168.202911
Multilingual,10.646854,2.830857,353.2499
VADER,5.952455,1.582679,631.84014
